,Normal,Suspect,Pathological,accuracy,macro avg,weighted avg
precision,0.950920245398773,0.7538461538461538,0.8571428571428571,0.9131455399061033,0.8539697521292613,0.9124180983335913
recall,0.950920245398773,0.7205882352941176,0.9375,0.9131455399061033,0.8696694935642969,0.9131455399061033
f1-score,0.950920245398773,0.7368421052631579,0.8955223880597015,0.9131455399061033,0.8610949129072107,0.9125868065159746
support,326.0,68.0,32.0,0.9131455399061033,426.0,426.0
