,Normal,Suspect,Pathological,accuracy,macro avg,weighted avg
precision,0.9255952380952381,0.765625,0.9615384615384616,0.903755868544601,0.8842528998778999,0.9027600431649728
recall,0.9539877300613497,0.7205882352941176,0.78125,0.903755868544601,0.8186086551184891,0.903755868544601
f1-score,0.9395770392749244,0.7424242424242424,0.8620689655172413,0.903755868544601,0.8480234157388026,0.9022844370540508
support,326.0,68.0,32.0,0.903755868544601,426.0,426.0
